"EnvelopeId","Subject","DestPath","Status","Error","Timestamp"
"1fcd1114-4ccd-4ec7-a95b-bd6783b37039","Please sign this estimate","C:\Users\rjain\OneDrive - Technijian, Inc\Technijian Legal - Documents\FileCabinet\2023\2023-01-09_Please sign this estimate_1fcd1114-4ccd-4ec7-a95b-bd6783b37039","done","","2026-04-20 12:36:06"
"577fdd03-7ff3-4432-9126-8daf86d7f31c","Please sign this estimate","C:\Users\rjain\OneDrive - Technijian, Inc\Technijian Legal - Documents\FileCabinet\2023\2023-01-11_Please sign this estimate_577fdd03-7ff3-4432-9126-8daf86d7f31c","done","","2026-04-20 12:36:09"
"97b4f7c5-4776-45f7-9fd5-b732739cf8ab","Please sign this estimate","C:\Users\rjain\OneDrive - Technijian, Inc\Technijian Legal - Documents\FileCabinet\2023\2023-01-19_Please sign this estimate_97b4f7c5-4776-45f7-9fd5-b732739cf8ab","done","","2026-04-20 12:36:11"
"980a54f1-3d17-4c70-b88a-30268c1c1061","Please sign this contract","C:\Users\rjain\OneDrive - Technijian, Inc\Technijian Legal - Documents\FileCabinet\2023\2023-01-19_Please sign this contract_980a54f1-3d17-4c70-b88a-30268c1c1061","done","","2026-04-20 12:36:15"
"f3cb6264-2dce-45dd-aff0-a8bdbae398bf","Please sign this estimate","C:\Users\rjain\OneDrive - Technijian, Inc\Technijian Legal - Documents\FileCabinet\2023\2023-01-24_Please sign this estimate_f3cb6264-2dce-45dd-aff0-a8bdbae398bf","done","","2026-04-20 12:36:18"
"5c4100ec-15b9-4038-865a-b6340449d03e","Complete with DocuSign: China+Auto+Group-CP-35334-Estimate.pdf","C:\Users\rjain\OneDrive - Technijian, Inc\Technijian Legal - Documents\FileCabinet\2023\2023-01-27_Complete with DocuSign_ China_Auto_Group-CP-35334-Estimate.pdf_5c4100ec-15b9-4038-865a-b6340449d03e","done","","2026-04-20 12:36:21"
"bfc756e0-0d25-4cae-8a24-5266357cf3fd","Please sign this contract","C:\Users\rjain\OneDrive - Technijian, Inc\Technijian Legal - Documents\FileCabinet\2023\2023-01-31_Please sign this contract_bfc756e0-0d25-4cae-8a24-5266357cf3fd","done","","2026-04-20 12:36:24"
"01c56c84-7002-4ffb-9482-cb3072726d8a","Please sign this contract","C:\Users\rjain\OneDrive - Technijian, Inc\Technijian Legal - Documents\FileCabinet\2023\2023-01-31_Please sign this contract_01c56c84-7002-4ffb-9482-cb3072726d8a","done","","2026-04-20 12:36:27"
"6d972f7e-f9ff-4684-a14f-32dc300d06af","Please sign this contract","C:\Users\rjain\OneDrive - Technijian, Inc\Technijian Legal - Documents\FileCabinet\2023\2023-02-01_Please sign this contract_6d972f7e-f9ff-4684-a14f-32dc300d06af","done","","2026-04-20 12:36:30"
"58a3de50-9660-4bfa-8e04-31d852ebbbe1","Please sign this estimate","C:\Users\rjain\OneDrive - Technijian, Inc\Technijian Legal - Documents\FileCabinet\2023\2023-02-06_Please sign this estimate_58a3de50-9660-4bfa-8e04-31d852ebbbe1","done","","2026-04-20 12:36:33"
"ec680617-584b-475d-8cc9-2cd42d9ba142","Please sign this estimate","C:\Users\rjain\OneDrive - Technijian, Inc\Technijian Legal - Documents\FileCabinet\2023\2023-02-07_Please sign this estimate_ec680617-584b-475d-8cc9-2cd42d9ba142","done","","2026-04-20 12:36:36"
"71f7e3ab-7488-45db-ab31-d81908b73102","Please sign this estimate","C:\Users\rjain\OneDrive - Technijian, Inc\Technijian Legal - Documents\FileCabinet\2023\2023-02-09_Please sign this estimate_71f7e3ab-7488-45db-ab31-d81908b73102","done","","2026-04-20 12:36:39"
"8add8026-67de-42c7-801d-6736209bdf7b","Complete with DocuSign: Satish Sharma Confirmation Letter(1).docx","C:\Users\rjain\OneDrive - Technijian, Inc\Technijian Legal - Documents\FileCabinet\2023\2023-02-15_Complete with DocuSign_ Satish Sharma Confirmation Letter(1).docx_8add8026-67de-42c7-801d-6736209bdf7b","done","","2026-04-20 12:36:43"
"ab9f0706-3390-4147-b8ad-49fa74852d4d","Please sign this estimate","C:\Users\rjain\OneDrive - Technijian, Inc\Technijian Legal - Documents\FileCabinet\2023\2023-02-15_Please sign this estimate_ab9f0706-3390-4147-b8ad-49fa74852d4d","done","","2026-04-20 12:36:48"
"c3f5e187-aae6-42d0-a595-28e5303daaf1","Please sign this estimate","C:\Users\rjain\OneDrive - Technijian, Inc\Technijian Legal - Documents\FileCabinet\2023\2023-02-16_Please sign this estimate_c3f5e187-aae6-42d0-a595-28e5303daaf1","done","","2026-04-20 12:36:51"
"9477ca1d-e97a-4bcf-8ae4-427b46661597","Complete with DocuSign: Sanjeev Kumar Confirmation Letter.docx","C:\Users\rjain\OneDrive - Technijian, Inc\Technijian Legal - Documents\FileCabinet\2023\2023-02-23_Complete with DocuSign_ Sanjeev Kumar Confirmation Letter.docx_9477ca1d-e97a-4bcf-8ae4-427b46661597","done","","2026-04-20 12:36:54"
"53b14362-2f1e-4780-af91-4d8a77186269","Complete with DocuSign: Navjit Kaur Offer.pdf","C:\Users\rjain\OneDrive - Technijian, Inc\Technijian Legal - Documents\FileCabinet\2023\2023-02-26_Complete with DocuSign_ Navjit Kaur Offer.pdf_53b14362-2f1e-4780-af91-4d8a77186269","done","","2026-04-20 12:36:56"
"46913378-7a01-479a-9316-65c5f652a7ac","Please sign this estimate","C:\Users\rjain\OneDrive - Technijian, Inc\Technijian Legal - Documents\FileCabinet\2023\2023-02-28_Please sign this estimate_46913378-7a01-479a-9316-65c5f652a7ac","done","","2026-04-20 12:36:59"
"f2a8bdeb-6342-435b-a368-278e5e042cb5","Please sign this estimate","C:\Users\rjain\OneDrive - Technijian, Inc\Technijian Legal - Documents\FileCabinet\2023\2023-03-01_Please sign this estimate_f2a8bdeb-6342-435b-a368-278e5e042cb5","done","","2026-04-20 12:37:02"
"2eae061d-adcb-4e5f-8c5c-8ad9ae7de6f8","Please sign this contract","C:\Users\rjain\OneDrive - Technijian, Inc\Technijian Legal - Documents\FileCabinet\2023\2023-03-10_Please sign this contract_2eae061d-adcb-4e5f-8c5c-8ad9ae7de6f8","done","","2026-04-20 12:37:05"
"a0b49bef-4577-4626-9dcf-89418ef5a95a","Please sign this estimate","C:\Users\rjain\OneDrive - Technijian, Inc\Technijian Legal - Documents\FileCabinet\2023\2023-03-15_Please sign this estimate_a0b49bef-4577-4626-9dcf-89418ef5a95a","done","","2026-04-20 12:37:08"
"cdd3f30e-b3ac-4a82-b002-1ece745521d8","Please sign this estimate","C:\Users\rjain\OneDrive - Technijian, Inc\Technijian Legal - Documents\FileCabinet\2023\2023-03-17_Please sign this estimate_cdd3f30e-b3ac-4a82-b002-1ece745521d8","done","","2026-04-20 12:37:11"
"86c4730d-df55-421d-8b7e-98d47010956d","Complete with DocuSign: Surinder Kumar Offer.pdf","C:\Users\rjain\OneDrive - Technijian, Inc\Technijian Legal - Documents\FileCabinet\2023\2023-03-17_Complete with DocuSign_ Surinder Kumar Offer.pdf_86c4730d-df55-421d-8b7e-98d47010956d","done","","2026-04-20 12:37:13"
"e539b5bd-7640-473b-9a57-4a9ed75c9fdc","Please sign this estimate","C:\Users\rjain\OneDrive - Technijian, Inc\Technijian Legal - Documents\FileCabinet\2023\2023-03-17_Please sign this estimate_e539b5bd-7640-473b-9a57-4a9ed75c9fdc","done","","2026-04-20 12:37:16"
"b39ff767-7bde-44af-a6ab-d796966047d3","Please sign this contract","C:\Users\rjain\OneDrive - Technijian, Inc\Technijian Legal - Documents\FileCabinet\2023\2023-03-17_Please sign this contract_b39ff767-7bde-44af-a6ab-d796966047d3","done","","2026-04-20 12:37:19"
"b593e9e9-2a4e-4c79-9dbb-53f79fe7d4c2","Complete with DocuSign: Tripurari Singh Offer.pdf","C:\Users\rjain\OneDrive - Technijian, Inc\Technijian Legal - Documents\FileCabinet\2023\2023-03-22_Complete with DocuSign_ Tripurari Singh Offer.pdf_b593e9e9-2a4e-4c79-9dbb-53f79fe7d4c2","done","","2026-04-20 12:37:21"
"eee5e440-aaee-4597-aa85-6fc26f90701f","Please sign this estimate","C:\Users\rjain\OneDrive - Technijian, Inc\Technijian Legal - Documents\FileCabinet\2023\2023-03-23_Please sign this estimate_eee5e440-aaee-4597-aa85-6fc26f90701f","done","","2026-04-20 12:37:24"
"1a9c9a14-e809-49c4-8414-718f92a52f99","Please sign this estimate","C:\Users\rjain\OneDrive - Technijian, Inc\Technijian Legal - Documents\FileCabinet\2023\2023-03-24_Please sign this estimate_1a9c9a14-e809-49c4-8414-718f92a52f99","done","","2026-04-20 12:37:27"
"b80b3e8b-f7c6-4339-93ac-2ff0b64fdd98","Please sign this estimate","C:\Users\rjain\OneDrive - Technijian, Inc\Technijian Legal - Documents\FileCabinet\2023\2023-03-28_Please sign this estimate_b80b3e8b-f7c6-4339-93ac-2ff0b64fdd98","done","","2026-04-20 12:37:31"
"47decbe0-b449-4f2b-9c3d-100c83df3acf","Complete with DocuSign: Shiveni's Confirmation Letter.pdf","C:\Users\rjain\OneDrive - Technijian, Inc\Technijian Legal - Documents\FileCabinet\2023\2023-03-28_Complete with DocuSign_ Shiveni's Confirmation Letter.pdf_47decbe0-b449-4f2b-9c3d-100c83df3acf","done","","2026-04-20 12:37:33"
"7401e57d-5b63-42ad-9ba7-4e3276bde735","Complete with DocuSign: Yogesh Confirmation Letter.pdf","C:\Users\rjain\OneDrive - Technijian, Inc\Technijian Legal - Documents\FileCabinet\2023\2023-03-29_Complete with DocuSign_ Yogesh Confirmation Letter.pdf_7401e57d-5b63-42ad-9ba7-4e3276bde735","done","","2026-04-20 12:37:35"
"ec3c36e3-efe6-40fe-84f0-1f43dc60f30f","Please sign this estimate","C:\Users\rjain\OneDrive - Technijian, Inc\Technijian Legal - Documents\FileCabinet\2023\2023-03-29_Please sign this estimate_ec3c36e3-efe6-40fe-84f0-1f43dc60f30f","done","","2026-04-20 12:37:38"
"76a6d34c-4f69-4eea-864f-366ccd725c07","Please sign this estimate","C:\Users\rjain\OneDrive - Technijian, Inc\Technijian Legal - Documents\FileCabinet\2023\2023-03-31_Please sign this estimate_76a6d34c-4f69-4eea-864f-366ccd725c07","done","","2026-04-20 12:37:41"
"5397ea70-d373-42b6-9619-22143eda4f6e","Please sign this estimate","C:\Users\rjain\OneDrive - Technijian, Inc\Technijian Legal - Documents\FileCabinet\2023\2023-04-03_Please sign this estimate_5397ea70-d373-42b6-9619-22143eda4f6e","done","","2026-04-20 12:37:44"
"be700caa-8e99-45ed-8af8-92234dfa185d","Please sign this estimate","C:\Users\rjain\OneDrive - Technijian, Inc\Technijian Legal - Documents\FileCabinet\2023\2023-04-04_Please sign this estimate_be700caa-8e99-45ed-8af8-92234dfa185d","done","","2026-04-20 12:37:47"
"fc626837-aeed-442f-9961-a81502402fc4","Please sign this contract","C:\Users\rjain\OneDrive - Technijian, Inc\Technijian Legal - Documents\FileCabinet\2023\2023-04-11_Please sign this contract_fc626837-aeed-442f-9961-a81502402fc4","done","","2026-04-20 12:37:50"
"1f18f397-5cf0-4d62-8ea1-aceacb326607","Complete with DocuSign: Purnendu's Confirmation Letter.docx","C:\Users\rjain\OneDrive - Technijian, Inc\Technijian Legal - Documents\FileCabinet\2023\2023-04-11_Complete with DocuSign_ Purnendu's Confirmation Letter.docx_1f18f397-5cf0-4d62-8ea1-aceacb326607","done","","2026-04-20 12:37:53"
"afdc7e9c-10a1-4877-ac85-26d526b21cc5","Please sign this estimate","C:\Users\rjain\OneDrive - Technijian, Inc\Technijian Legal - Documents\FileCabinet\2023\2023-04-12_Please sign this estimate_afdc7e9c-10a1-4877-ac85-26d526b21cc5","done","","2026-04-20 12:37:55"
"2cac2ae6-b78c-4ed6-acd3-b0c35a838d2c","Please sign this estimate","C:\Users\rjain\OneDrive - Technijian, Inc\Technijian Legal - Documents\FileCabinet\2023\2023-04-13_Please sign this estimate_2cac2ae6-b78c-4ed6-acd3-b0c35a838d2c","done","","2026-04-20 12:37:59"
"be3873a8-7743-4394-bd74-3cd8066b1c6b","Please sign this estimate","C:\Users\rjain\OneDrive - Technijian, Inc\Technijian Legal - Documents\FileCabinet\2023\2023-04-17_Please sign this estimate_be3873a8-7743-4394-bd74-3cd8066b1c6b","done","","2026-04-20 12:38:02"
"61936b41-3908-4980-a50f-bc7a545cca82","Please sign this estimate","C:\Users\rjain\OneDrive - Technijian, Inc\Technijian Legal - Documents\FileCabinet\2023\2023-04-18_Please sign this estimate_61936b41-3908-4980-a50f-bc7a545cca82","done","","2026-04-20 12:38:05"
"c12cf1c2-dad1-4ffc-bbed-de588a4fc0aa","Please sign this estimate","C:\Users\rjain\OneDrive - Technijian, Inc\Technijian Legal - Documents\FileCabinet\2023\2023-04-27_Please sign this estimate_c12cf1c2-dad1-4ffc-bbed-de588a4fc0aa","done","","2026-04-20 12:38:08"
"33ea4138-738c-4339-9777-1c7a085a78d6","Please sign this estimate","C:\Users\rjain\OneDrive - Technijian, Inc\Technijian Legal - Documents\FileCabinet\2023\2023-04-28_Please sign this estimate_33ea4138-738c-4339-9777-1c7a085a78d6","done","","2026-04-20 12:38:11"
"5ecb1516-0f45-42d3-b8a3-485e387b3a31","Please sign this estimate","C:\Users\rjain\OneDrive - Technijian, Inc\Technijian Legal - Documents\FileCabinet\2023\2023-04-28_Please sign this estimate_5ecb1516-0f45-42d3-b8a3-485e387b3a31","done","","2026-04-20 12:38:14"
"3e85996b-8257-4f44-8183-24065c7751a6","Please sign this estimate","C:\Users\rjain\OneDrive - Technijian, Inc\Technijian Legal - Documents\FileCabinet\2023\2023-05-01_Please sign this estimate_3e85996b-8257-4f44-8183-24065c7751a6","done","","2026-04-20 12:38:17"
"e926b754-ed9d-4213-b60f-cc45e1490c0a","Please sign this estimate","C:\Users\rjain\OneDrive - Technijian, Inc\Technijian Legal - Documents\FileCabinet\2023\2023-05-01_Please sign this estimate_e926b754-ed9d-4213-b60f-cc45e1490c0a","done","","2026-04-20 12:38:20"
"4c02111f-59dc-4d1c-b421-b4908f9a5163","Please sign this estimate","C:\Users\rjain\OneDrive - Technijian, Inc\Technijian Legal - Documents\FileCabinet\2023\2023-05-02_Please sign this estimate_4c02111f-59dc-4d1c-b421-b4908f9a5163","done","","2026-04-20 12:38:23"
"20754fd2-cc60-413d-89f5-8c6ea6a27ecb","Please sign this contract","C:\Users\rjain\OneDrive - Technijian, Inc\Technijian Legal - Documents\FileCabinet\2023\2023-05-02_Please sign this contract_20754fd2-cc60-413d-89f5-8c6ea6a27ecb","done","","2026-04-20 12:38:26"
"7729e982-229a-4a24-be74-d2715cbe11fa","Please sign this estimate","C:\Users\rjain\OneDrive - Technijian, Inc\Technijian Legal - Documents\FileCabinet\2023\2023-05-04_Please sign this estimate_7729e982-229a-4a24-be74-d2715cbe11fa","done","","2026-04-20 12:38:29"
"fbe59a12-7d29-4d14-9ffb-3ec314d316f4","Please sign this estimate","C:\Users\rjain\OneDrive - Technijian, Inc\Technijian Legal - Documents\FileCabinet\2023\2023-05-04_Please sign this estimate_fbe59a12-7d29-4d14-9ffb-3ec314d316f4","done","","2026-04-20 12:38:33"
"b679c550-e41c-4e31-be34-7f8fff437c3d","Please sign this contract","C:\Users\rjain\OneDrive - Technijian, Inc\Technijian Legal - Documents\FileCabinet\2023\2023-05-04_Please sign this contract_b679c550-e41c-4e31-be34-7f8fff437c3d","done","","2026-04-20 12:38:36"
"0aedc0c1-540a-4b67-b978-10c7ef98b5f1","Please sign this estimate","C:\Users\rjain\OneDrive - Technijian, Inc\Technijian Legal - Documents\FileCabinet\2023\2023-05-10_Please sign this estimate_0aedc0c1-540a-4b67-b978-10c7ef98b5f1","done","","2026-04-20 12:38:39"
"2016cc99-17e9-4fd9-9566-7424774f0a1f","Please sign this estimate","C:\Users\rjain\OneDrive - Technijian, Inc\Technijian Legal - Documents\FileCabinet\2023\2023-05-18_Please sign this estimate_2016cc99-17e9-4fd9-9566-7424774f0a1f","done","","2026-04-20 12:38:42"
"f042ad64-ed79-456e-818d-42f527099b49","Please sign this contract","C:\Users\rjain\OneDrive - Technijian, Inc\Technijian Legal - Documents\FileCabinet\2023\2023-05-18_Please sign this contract_f042ad64-ed79-456e-818d-42f527099b49","done","","2026-04-20 12:38:45"
"94fa8e67-8635-45b2-b75a-2aa5556ca084","Please sign this estimate","C:\Users\rjain\OneDrive - Technijian, Inc\Technijian Legal - Documents\FileCabinet\2023\2023-05-19_Please sign this estimate_94fa8e67-8635-45b2-b75a-2aa5556ca084","done","","2026-04-20 12:38:48"
"8e06a474-b1f0-4b0c-90af-eb0bded4f7c8","Please sign this estimate","C:\Users\rjain\OneDrive - Technijian, Inc\Technijian Legal - Documents\FileCabinet\2023\2023-05-22_Please sign this estimate_8e06a474-b1f0-4b0c-90af-eb0bded4f7c8","done","","2026-04-20 12:38:51"
"a354531e-09a5-4335-afde-a1ed914d96ec","Please sign this estimate","C:\Users\rjain\OneDrive - Technijian, Inc\Technijian Legal - Documents\FileCabinet\2023\2023-05-22_Please sign this estimate_a354531e-09a5-4335-afde-a1ed914d96ec","done","","2026-04-20 12:38:54"
"94164b05-dfea-43b1-bfb2-a38aea6f0947","Please sign this estimate","C:\Users\rjain\OneDrive - Technijian, Inc\Technijian Legal - Documents\FileCabinet\2023\2023-05-23_Please sign this estimate_94164b05-dfea-43b1-bfb2-a38aea6f0947","done","","2026-04-20 12:38:57"
"b5819297-f4b7-478b-b686-1873d12f758f","Please sign this estimate","C:\Users\rjain\OneDrive - Technijian, Inc\Technijian Legal - Documents\FileCabinet\2023\2023-05-25_Please sign this estimate_b5819297-f4b7-478b-b686-1873d12f758f","done","","2026-04-20 12:38:59"
"44a736c4-4cb0-4586-a338-bf851a7fbbdd","Please sign this estimate","C:\Users\rjain\OneDrive - Technijian, Inc\Technijian Legal - Documents\FileCabinet\2023\2023-05-26_Please sign this estimate_44a736c4-4cb0-4586-a338-bf851a7fbbdd","done","","2026-04-20 12:39:02"
"3fd83c9c-0198-444e-96b7-5b7e661ad153","Please sign this estimate","C:\Users\rjain\OneDrive - Technijian, Inc\Technijian Legal - Documents\FileCabinet\2023\2023-05-30_Please sign this estimate_3fd83c9c-0198-444e-96b7-5b7e661ad153","done","","2026-04-20 12:39:05"
"f903911d-ab1c-40a7-89dd-863f2f06c6b7","Please sign this estimate","C:\Users\rjain\OneDrive - Technijian, Inc\Technijian Legal - Documents\FileCabinet\2023\2023-05-31_Please sign this estimate_f903911d-ab1c-40a7-89dd-863f2f06c6b7","done","","2026-04-20 12:39:09"
"ef7d6116-f9c5-44d6-92e6-ce50ff62f73c","Please sign this estimate","C:\Users\rjain\OneDrive - Technijian, Inc\Technijian Legal - Documents\FileCabinet\2023\2023-05-31_Please sign this estimate_ef7d6116-f9c5-44d6-92e6-ce50ff62f73c","done","","2026-04-20 12:39:12"
"17f34ef4-718c-49b5-8425-17961293f52e","Please sign this estimate","C:\Users\rjain\OneDrive - Technijian, Inc\Technijian Legal - Documents\FileCabinet\2023\2023-05-31_Please sign this estimate_17f34ef4-718c-49b5-8425-17961293f52e","done","","2026-04-20 12:39:15"
"47abcdf1-8a5f-48bf-8588-770d65cc62b5","Please sign this estimate","C:\Users\rjain\OneDrive - Technijian, Inc\Technijian Legal - Documents\FileCabinet\2023\2023-06-02_Please sign this estimate_47abcdf1-8a5f-48bf-8588-770d65cc62b5","done","","2026-04-20 12:39:18"
"6f902a36-7941-4366-be1f-d6f6f7f9c8ef","Please sign this estimate","C:\Users\rjain\OneDrive - Technijian, Inc\Technijian Legal - Documents\FileCabinet\2023\2023-06-02_Please sign this estimate_6f902a36-7941-4366-be1f-d6f6f7f9c8ef","done","","2026-04-20 12:39:22"
"caebd17c-974c-46b1-af2c-c8694318985e","Please sign this estimate","C:\Users\rjain\OneDrive - Technijian, Inc\Technijian Legal - Documents\FileCabinet\2023\2023-06-12_Please sign this estimate_caebd17c-974c-46b1-af2c-c8694318985e","done","","2026-04-20 12:39:25"
"ec5928a6-932b-4e5c-a157-af1c2670d55f","Please sign this estimate","C:\Users\rjain\OneDrive - Technijian, Inc\Technijian Legal - Documents\FileCabinet\2023\2023-06-14_Please sign this estimate_ec5928a6-932b-4e5c-a157-af1c2670d55f","done","","2026-04-20 12:39:28"
"47448d78-a79c-4f79-a0ed-ab4404c13f77","Please sign this estimate","C:\Users\rjain\OneDrive - Technijian, Inc\Technijian Legal - Documents\FileCabinet\2023\2023-06-15_Please sign this estimate_47448d78-a79c-4f79-a0ed-ab4404c13f77","done","","2026-04-20 12:39:31"
"7335539d-7598-4df8-966e-f0b81735285c","Complete with DocuSign: Navdeep Bagde Offer Letter.pdf","C:\Users\rjain\OneDrive - Technijian, Inc\Technijian Legal - Documents\FileCabinet\2023\2023-06-19_Complete with DocuSign_ Navdeep Bagde Offer Letter.pdf_7335539d-7598-4df8-966e-f0b81735285c","done","","2026-04-20 12:39:33"
"734ba60a-83ad-459d-a1d2-1701aa00f380","Please sign this estimate","C:\Users\rjain\OneDrive - Technijian, Inc\Technijian Legal - Documents\FileCabinet\2023\2023-06-19_Please sign this estimate_734ba60a-83ad-459d-a1d2-1701aa00f380","done","","2026-04-20 12:39:37"
"05ab0792-76aa-4bcf-8ecd-3a15ae4c1263","Please sign this estimate","C:\Users\rjain\OneDrive - Technijian, Inc\Technijian Legal - Documents\FileCabinet\2023\2023-06-20_Please sign this estimate_05ab0792-76aa-4bcf-8ecd-3a15ae4c1263","done","","2026-04-20 12:39:39"
"73d24aa4-9c15-40c8-94d9-97224275a891","Please sign this estimate","C:\Users\rjain\OneDrive - Technijian, Inc\Technijian Legal - Documents\FileCabinet\2023\2023-06-23_Please sign this estimate_73d24aa4-9c15-40c8-94d9-97224275a891","done","","2026-04-20 12:39:42"
"35f878a2-f5d8-49c8-8708-4b201dd2cae9","Complete with DocuSign: Mukesh Sagar Offer Letter.pdf","C:\Users\rjain\OneDrive - Technijian, Inc\Technijian Legal - Documents\FileCabinet\2023\2023-06-23_Complete with DocuSign_ Mukesh Sagar Offer Letter.pdf_35f878a2-f5d8-49c8-8708-4b201dd2cae9","done","","2026-04-20 12:39:45"
"c15d714a-003c-4596-84d1-c08f3f1079a9","Complete with DocuSign: Abhishek Kumar Offer Letter.pdf","C:\Users\rjain\OneDrive - Technijian, Inc\Technijian Legal - Documents\FileCabinet\2023\2023-06-23_Complete with DocuSign_ Abhishek Kumar Offer Letter.pdf_c15d714a-003c-4596-84d1-c08f3f1079a9","done","","2026-04-20 12:39:47"
"070140af-c498-4249-9a3c-b539542c1ba8","Complete with DocuSign: Christian Tejada Offer Letter.pdf","C:\Users\rjain\OneDrive - Technijian, Inc\Technijian Legal - Documents\FileCabinet\2023\2023-06-23_Complete with DocuSign_ Christian Tejada Offer Letter.pdf_070140af-c498-4249-9a3c-b539542c1ba8","done","","2026-04-20 12:39:50"
"28c63559-b648-4575-af73-e9bb3aba86b7","Please sign this estimate","C:\Users\rjain\OneDrive - Technijian, Inc\Technijian Legal - Documents\FileCabinet\2023\2023-06-28_Please sign this estimate_28c63559-b648-4575-af73-e9bb3aba86b7","done","","2026-04-20 12:39:52"
"5dc9a802-6ffa-43fb-afb8-412d7528e84b","Complete with DocuSign: Sandeep S Virk Offer Letter.pdf","C:\Users\rjain\OneDrive - Technijian, Inc\Technijian Legal - Documents\FileCabinet\2023\2023-06-29_Complete with DocuSign_ Sandeep S Virk Offer Letter.pdf_5dc9a802-6ffa-43fb-afb8-412d7528e84b","done","","2026-04-20 12:39:55"
"98354dfe-688a-4558-8a8a-4fd84cba8007","Please sign this contract","C:\Users\rjain\OneDrive - Technijian, Inc\Technijian Legal - Documents\FileCabinet\2023\2023-07-07_Please sign this contract_98354dfe-688a-4558-8a8a-4fd84cba8007","done","","2026-04-20 12:39:58"
"c23ea25d-f2db-42d1-8c00-d53ac3977207","Please sign this estimate","C:\Users\rjain\OneDrive - Technijian, Inc\Technijian Legal - Documents\FileCabinet\2023\2023-07-07_Please sign this estimate_c23ea25d-f2db-42d1-8c00-d53ac3977207","done","","2026-04-20 12:40:02"
"982d5f2a-98db-4d2d-ae1c-f103addeef34","Please sign this estimate","C:\Users\rjain\OneDrive - Technijian, Inc\Technijian Legal - Documents\FileCabinet\2023\2023-07-11_Please sign this estimate_982d5f2a-98db-4d2d-ae1c-f103addeef34","done","","2026-04-20 12:40:05"
"61c01581-3d21-400d-b5ac-1ef684594526","Please sign this estimate","C:\Users\rjain\OneDrive - Technijian, Inc\Technijian Legal - Documents\FileCabinet\2023\2023-07-11_Please sign this estimate_61c01581-3d21-400d-b5ac-1ef684594526","done","","2026-04-20 12:40:08"
"e6260e16-e291-46d5-a260-713adcfef00c","Complete with DocuSign: Parveen Bismal Offer.pdf","C:\Users\rjain\OneDrive - Technijian, Inc\Technijian Legal - Documents\FileCabinet\2023\2023-07-14_Complete with DocuSign_ Parveen Bismal Offer.pdf_e6260e16-e291-46d5-a260-713adcfef00c","done","","2026-04-20 12:40:10"
"6a533b13-2cb3-49c3-873f-c23da554ac15","Please sign this estimate","C:\Users\rjain\OneDrive - Technijian, Inc\Technijian Legal - Documents\FileCabinet\2023\2023-07-14_Please sign this estimate_6a533b13-2cb3-49c3-873f-c23da554ac15","done","","2026-04-20 12:40:13"
"80939100-9c77-4f55-94b7-0d3d917d1131","Please sign this estimate","C:\Users\rjain\OneDrive - Technijian, Inc\Technijian Legal - Documents\FileCabinet\2023\2023-07-24_Please sign this estimate_80939100-9c77-4f55-94b7-0d3d917d1131","done","","2026-04-20 12:40:16"
"e6a76a6f-14bb-4905-8e80-8c94345b8a12","Please sign this estimate","C:\Users\rjain\OneDrive - Technijian, Inc\Technijian Legal - Documents\FileCabinet\2023\2023-07-25_Please sign this estimate_e6a76a6f-14bb-4905-8e80-8c94345b8a12","done","","2026-04-20 12:40:19"
"0aeb05e9-690b-442b-aa38-620bd10c0044","Please sign this estimate","C:\Users\rjain\OneDrive - Technijian, Inc\Technijian Legal - Documents\FileCabinet\2023\2023-07-27_Please sign this estimate_0aeb05e9-690b-442b-aa38-620bd10c0044","done","","2026-04-20 12:40:22"
"37568f5c-32be-4eaf-a47e-df34a58146ef","Please sign this estimate","C:\Users\rjain\OneDrive - Technijian, Inc\Technijian Legal - Documents\FileCabinet\2023\2023-07-27_Please sign this estimate_37568f5c-32be-4eaf-a47e-df34a58146ef","done","","2026-04-20 12:40:25"
"233bd438-04f5-4ac4-8dc4-7cbee73b52a7","Complete with DocuSign: Vinod Kumar Offer Letter.pdf","C:\Users\rjain\OneDrive - Technijian, Inc\Technijian Legal - Documents\FileCabinet\2023\2023-07-27_Complete with DocuSign_ Vinod Kumar Offer Letter.pdf_233bd438-04f5-4ac4-8dc4-7cbee73b52a7","done","","2026-04-20 12:40:28"
"e67b3149-b536-4a1f-b5ec-01fbddb49a4e","Complete with DocuSign: Puneet Kumar Offer.pdf","C:\Users\rjain\OneDrive - Technijian, Inc\Technijian Legal - Documents\FileCabinet\2023\2023-07-31_Complete with DocuSign_ Puneet Kumar Offer.pdf_e67b3149-b536-4a1f-b5ec-01fbddb49a4e","done","","2026-04-20 12:40:31"
"1ecf1076-e34b-413e-8a05-1232f4a54b08","Complete with DocuSign: Ankit Sharma Confirmation Letter.pdf","C:\Users\rjain\OneDrive - Technijian, Inc\Technijian Legal - Documents\FileCabinet\2023\2023-08-09_Complete with DocuSign_ Ankit Sharma Confirmation Letter.pdf_1ecf1076-e34b-413e-8a05-1232f4a54b08","done","","2026-04-20 12:40:33"
"a7d186eb-f4f6-445a-aa5c-e3b0d9396b4e","Please sign this estimate","C:\Users\rjain\OneDrive - Technijian, Inc\Technijian Legal - Documents\FileCabinet\2023\2023-08-09_Please sign this estimate_a7d186eb-f4f6-445a-aa5c-e3b0d9396b4e","done","","2026-04-20 12:40:36"
"4ffb261c-8c77-43a2-95ed-268138760fa9","Please sign this estimate","C:\Users\rjain\OneDrive - Technijian, Inc\Technijian Legal - Documents\FileCabinet\2023\2023-08-10_Please sign this estimate_4ffb261c-8c77-43a2-95ed-268138760fa9","done","","2026-04-20 12:40:39"
"87cf989b-e9d9-4823-873f-5929b1f8789f","Please sign this estimate","C:\Users\rjain\OneDrive - Technijian, Inc\Technijian Legal - Documents\FileCabinet\2023\2023-08-15_Please sign this estimate_87cf989b-e9d9-4823-873f-5929b1f8789f","done","","2026-04-20 12:40:42"
"d69b4607-8791-4182-882d-504e78fe987d","Please sign this estimate","C:\Users\rjain\OneDrive - Technijian, Inc\Technijian Legal - Documents\FileCabinet\2023\2023-08-15_Please sign this estimate_d69b4607-8791-4182-882d-504e78fe987d","done","","2026-04-20 12:40:45"
"1a55dd36-1a6d-4e92-9088-85aae587b775","Please sign this estimate","C:\Users\rjain\OneDrive - Technijian, Inc\Technijian Legal - Documents\FileCabinet\2023\2023-08-15_Please sign this estimate_1a55dd36-1a6d-4e92-9088-85aae587b775","done","","2026-04-20 12:40:47"
"3f177c1b-90e9-4e02-ac46-99abe21b4aa7","Please sign this contract","C:\Users\rjain\OneDrive - Technijian, Inc\Technijian Legal - Documents\FileCabinet\2023\2023-08-15_Please sign this contract_3f177c1b-90e9-4e02-ac46-99abe21b4aa7","done","","2026-04-20 12:40:50"
"8ce119cd-39a8-4555-ac5e-3c45c2813373","Please sign this estimate","C:\Users\rjain\OneDrive - Technijian, Inc\Technijian Legal - Documents\FileCabinet\2023\2023-08-17_Please sign this estimate_8ce119cd-39a8-4555-ac5e-3c45c2813373","done","","2026-04-20 12:40:54"
"2791f05f-8ada-4f5f-b546-2ca13cf1f4a3","Complete with DocuSign: Jitendra Sharma.pdf","C:\Users\rjain\OneDrive - Technijian, Inc\Technijian Legal - Documents\FileCabinet\2023\2023-08-17_Complete with DocuSign_ Jitendra Sharma.pdf_2791f05f-8ada-4f5f-b546-2ca13cf1f4a3","done","","2026-04-20 12:40:56"
"30a8d57d-4f35-4736-8504-263b68a0de87","Please sign this estimate","C:\Users\rjain\OneDrive - Technijian, Inc\Technijian Legal - Documents\FileCabinet\2023\2023-08-24_Please sign this estimate_30a8d57d-4f35-4736-8504-263b68a0de87","done","","2026-04-20 12:40:59"
"8d219323-6bf7-4ca9-94ff-de14da226e38","Please sign this estimate","C:\Users\rjain\OneDrive - Technijian, Inc\Technijian Legal - Documents\FileCabinet\2023\2023-08-25_Please sign this estimate_8d219323-6bf7-4ca9-94ff-de14da226e38","done","","2026-04-20 12:41:02"
"bc3e6d7f-1a8f-43ef-930b-e73efbd125f7","Please sign this estimate","C:\Users\rjain\OneDrive - Technijian, Inc\Technijian Legal - Documents\FileCabinet\2023\2023-08-25_Please sign this estimate_bc3e6d7f-1a8f-43ef-930b-e73efbd125f7","done","","2026-04-20 12:41:05"
"8e5e74b4-2a59-4519-801c-e2194e9d9905","Complete with DocuSign: Mega IT.pdf","C:\Users\rjain\OneDrive - Technijian, Inc\Technijian Legal - Documents\FileCabinet\2023\2023-08-28_Complete with DocuSign_ Mega IT.pdf_8e5e74b4-2a59-4519-801c-e2194e9d9905","done","","2026-04-20 12:41:07"
"d9ee55f8-9dd3-42f0-a11a-f1c3ade29b00","Please sign this estimate","C:\Users\rjain\OneDrive - Technijian, Inc\Technijian Legal - Documents\FileCabinet\2023\2023-08-28_Please sign this estimate_d9ee55f8-9dd3-42f0-a11a-f1c3ade29b00","done","","2026-04-20 12:41:12"
"1af85f80-5c52-4ab7-8257-c455c9d02a7e","Please sign this estimate","C:\Users\rjain\OneDrive - Technijian, Inc\Technijian Legal - Documents\FileCabinet\2023\2023-08-31_Please sign this estimate_1af85f80-5c52-4ab7-8257-c455c9d02a7e","done","","2026-04-20 12:41:15"
"62a772f5-1ca0-4a34-92bd-e67717ba4f53","Please sign this estimate","C:\Users\rjain\OneDrive - Technijian, Inc\Technijian Legal - Documents\FileCabinet\2023\2023-09-01_Please sign this estimate_62a772f5-1ca0-4a34-92bd-e67717ba4f53","done","","2026-04-20 12:41:18"
"4f9519ac-3a4d-460b-b9f9-78cd91fe8786","Please sign this estimate","C:\Users\rjain\OneDrive - Technijian, Inc\Technijian Legal - Documents\FileCabinet\2023\2023-09-05_Please sign this estimate_4f9519ac-3a4d-460b-b9f9-78cd91fe8786","done","","2026-04-20 12:41:21"
"62e23497-3e12-4ee6-8104-957abb6185b2","Please sign this estimate","C:\Users\rjain\OneDrive - Technijian, Inc\Technijian Legal - Documents\FileCabinet\2023\2023-09-07_Please sign this estimate_62e23497-3e12-4ee6-8104-957abb6185b2","done","","2026-04-20 12:41:24"
"a56f44b5-204f-4a56-af6c-0c2c58169e5f","Please sign this estimate","C:\Users\rjain\OneDrive - Technijian, Inc\Technijian Legal - Documents\FileCabinet\2023\2023-09-08_Please sign this estimate_a56f44b5-204f-4a56-af6c-0c2c58169e5f","done","","2026-04-20 12:41:26"
"a967bfe5-5258-42db-bf06-9a1c098b767d","Please sign this estimate","C:\Users\rjain\OneDrive - Technijian, Inc\Technijian Legal - Documents\FileCabinet\2023\2023-09-08_Please sign this estimate_a967bfe5-5258-42db-bf06-9a1c098b767d","done","","2026-04-20 12:41:29"
"2febaa92-ab1b-4d8d-84e2-10e19305730c","Please sign this estimate","C:\Users\rjain\OneDrive - Technijian, Inc\Technijian Legal - Documents\FileCabinet\2023\2023-09-18_Please sign this estimate_2febaa92-ab1b-4d8d-84e2-10e19305730c","done","","2026-04-20 12:41:33"
"18502cf9-b1d3-4323-9ca6-531bad4dc8cc","Please sign this estimate","C:\Users\rjain\OneDrive - Technijian, Inc\Technijian Legal - Documents\FileCabinet\2023\2023-09-19_Please sign this estimate_18502cf9-b1d3-4323-9ca6-531bad4dc8cc","done","","2026-04-20 12:41:37"
"c3a3a1e2-fadb-45a9-badf-cc99d03d6a29","Please sign this estimate","C:\Users\rjain\OneDrive - Technijian, Inc\Technijian Legal - Documents\FileCabinet\2023\2023-09-20_Please sign this estimate_c3a3a1e2-fadb-45a9-badf-cc99d03d6a29","done","","2026-04-20 12:41:40"
"3b1a2627-38f9-4a0b-8ded-d566b645966c","Please sign this estimate","C:\Users\rjain\OneDrive - Technijian, Inc\Technijian Legal - Documents\FileCabinet\2023\2023-09-20_Please sign this estimate_3b1a2627-38f9-4a0b-8ded-d566b645966c","done","","2026-04-20 12:41:43"
"659470e0-9786-4294-8c84-7c29bfccfa20","Please sign this estimate","C:\Users\rjain\OneDrive - Technijian, Inc\Technijian Legal - Documents\FileCabinet\2023\2023-09-21_Please sign this estimate_659470e0-9786-4294-8c84-7c29bfccfa20","done","","2026-04-20 12:41:45"
"43f9b2f1-d519-46d8-9e2f-06373e6106cf","Please sign this estimate","C:\Users\rjain\OneDrive - Technijian, Inc\Technijian Legal - Documents\FileCabinet\2023\2023-09-25_Please sign this estimate_43f9b2f1-d519-46d8-9e2f-06373e6106cf","done","","2026-04-20 12:41:48"
"8fa31c63-788d-4b68-a250-0791b4018dc7","Please sign this estimate","C:\Users\rjain\OneDrive - Technijian, Inc\Technijian Legal - Documents\FileCabinet\2023\2023-09-25_Please sign this estimate_8fa31c63-788d-4b68-a250-0791b4018dc7","done","","2026-04-20 12:41:51"
"4c3aabe1-3b6f-429d-80f8-04f5fe1a450c","Please sign this estimate","C:\Users\rjain\OneDrive - Technijian, Inc\Technijian Legal - Documents\FileCabinet\2023\2023-09-27_Please sign this estimate_4c3aabe1-3b6f-429d-80f8-04f5fe1a450c","done","","2026-04-20 12:41:54"
"1034d405-4fb1-4569-9827-e33d988948c8","Please sign this estimate","C:\Users\rjain\OneDrive - Technijian, Inc\Technijian Legal - Documents\FileCabinet\2023\2023-09-27_Please sign this estimate_1034d405-4fb1-4569-9827-e33d988948c8","done","","2026-04-20 12:41:57"
"332e6611-40ed-4dbc-8929-74f35827195d","Please sign this estimate","C:\Users\rjain\OneDrive - Technijian, Inc\Technijian Legal - Documents\FileCabinet\2023\2023-09-28_Please sign this estimate_332e6611-40ed-4dbc-8929-74f35827195d","done","","2026-04-20 12:42:00"
"717ac963-a5b5-447a-9cfc-07c0881e17a9","Please sign this estimate","C:\Users\rjain\OneDrive - Technijian, Inc\Technijian Legal - Documents\FileCabinet\2023\2023-09-29_Please sign this estimate_717ac963-a5b5-447a-9cfc-07c0881e17a9","done","","2026-04-20 12:42:03"
"a5bb7d3a-7253-4f39-ac3e-4ceff23e4b7e","Please sign this estimate","C:\Users\rjain\OneDrive - Technijian, Inc\Technijian Legal - Documents\FileCabinet\2023\2023-10-06_Please sign this estimate_a5bb7d3a-7253-4f39-ac3e-4ceff23e4b7e","done","","2026-04-20 12:42:08"
"ab944dff-a76e-4425-a501-fcd2f872936b","Please sign this estimate","C:\Users\rjain\OneDrive - Technijian, Inc\Technijian Legal - Documents\FileCabinet\2023\2023-10-09_Please sign this estimate_ab944dff-a76e-4425-a501-fcd2f872936b","done","","2026-04-20 12:42:11"
"cde58b06-989e-4da4-b970-63b6dea0a300","Please sign this estimate","C:\Users\rjain\OneDrive - Technijian, Inc\Technijian Legal - Documents\FileCabinet\2023\2023-10-09_Please sign this estimate_cde58b06-989e-4da4-b970-63b6dea0a300","done","","2026-04-20 12:42:14"
"f8182a5d-81ec-43e4-bcb8-22349bac2192","Please sign this estimate","C:\Users\rjain\OneDrive - Technijian, Inc\Technijian Legal - Documents\FileCabinet\2023\2023-10-09_Please sign this estimate_f8182a5d-81ec-43e4-bcb8-22349bac2192","done","","2026-04-20 12:42:17"
"55210f75-8ddd-4038-b472-4c3496024613","Please sign this estimate","C:\Users\rjain\OneDrive - Technijian, Inc\Technijian Legal - Documents\FileCabinet\2023\2023-10-10_Please sign this estimate_55210f75-8ddd-4038-b472-4c3496024613","done","","2026-04-20 12:42:19"
"8c4c7743-eb79-466f-a30b-fb876901b929","Please sign this estimate","C:\Users\rjain\OneDrive - Technijian, Inc\Technijian Legal - Documents\FileCabinet\2023\2023-10-11_Please sign this estimate_8c4c7743-eb79-466f-a30b-fb876901b929","done","","2026-04-20 12:42:22"
"21354231-d5a9-46f3-b763-8bd2b09a1540","Please sign this estimate","C:\Users\rjain\OneDrive - Technijian, Inc\Technijian Legal - Documents\FileCabinet\2023\2023-10-12_Please sign this estimate_21354231-d5a9-46f3-b763-8bd2b09a1540","done","","2026-04-20 12:42:25"
"bca8e5f2-ff5d-4e6c-816d-4c810e2fb743","Please sign this estimate","C:\Users\rjain\OneDrive - Technijian, Inc\Technijian Legal - Documents\FileCabinet\2023\2023-10-12_Please sign this estimate_bca8e5f2-ff5d-4e6c-816d-4c810e2fb743","done","","2026-04-20 12:42:28"
"a6eacd7e-8663-4e38-a1d5-4c1216ef51bb","Please sign this estimate","C:\Users\rjain\OneDrive - Technijian, Inc\Technijian Legal - Documents\FileCabinet\2023\2023-10-16_Please sign this estimate_a6eacd7e-8663-4e38-a1d5-4c1216ef51bb","done","","2026-04-20 12:42:31"
"41feaad6-7173-4ccb-8d1b-400d456d7ef1","Please sign this estimate","C:\Users\rjain\OneDrive - Technijian, Inc\Technijian Legal - Documents\FileCabinet\2023\2023-10-17_Please sign this estimate_41feaad6-7173-4ccb-8d1b-400d456d7ef1","done","","2026-04-20 12:42:33"
"15652e70-742b-4b0a-9d5c-012015df6ebe","Please sign this estimate","C:\Users\rjain\OneDrive - Technijian, Inc\Technijian Legal - Documents\FileCabinet\2023\2023-10-17_Please sign this estimate_15652e70-742b-4b0a-9d5c-012015df6ebe","done","","2026-04-20 12:42:36"
"098f9096-b8fc-40a3-94df-43b35ebb2d87","Please sign this contract","C:\Users\rjain\OneDrive - Technijian, Inc\Technijian Legal - Documents\FileCabinet\2023\2023-10-18_Please sign this contract_098f9096-b8fc-40a3-94df-43b35ebb2d87","done","","2026-04-20 12:42:40"
"96c86fd2-f727-4df5-9228-65d8002cd075","Please sign this estimate","C:\Users\rjain\OneDrive - Technijian, Inc\Technijian Legal - Documents\FileCabinet\2023\2023-10-18_Please sign this estimate_96c86fd2-f727-4df5-9228-65d8002cd075","done","","2026-04-20 12:42:43"
"7dcb4617-7908-40bb-998d-bbbd54aa9c9b","Please sign this estimate","C:\Users\rjain\OneDrive - Technijian, Inc\Technijian Legal - Documents\FileCabinet\2023\2023-10-23_Please sign this estimate_7dcb4617-7908-40bb-998d-bbbd54aa9c9b","done","","2026-04-20 12:42:46"
"55295773-bf05-47b9-86ff-8f621b204770","Please sign this estimate","C:\Users\rjain\OneDrive - Technijian, Inc\Technijian Legal - Documents\FileCabinet\2023\2023-10-25_Please sign this estimate_55295773-bf05-47b9-86ff-8f621b204770","done","","2026-04-20 12:42:49"
"da5c7573-ef28-4f21-8791-3a04f2586084","Please sign this estimate","C:\Users\rjain\OneDrive - Technijian, Inc\Technijian Legal - Documents\FileCabinet\2023\2023-10-25_Please sign this estimate_da5c7573-ef28-4f21-8791-3a04f2586084","done","","2026-04-20 12:42:52"
"a5e7891e-c360-4a30-88b0-2744c7da9cd9","Please sign this estimate","C:\Users\rjain\OneDrive - Technijian, Inc\Technijian Legal - Documents\FileCabinet\2023\2023-10-26_Please sign this estimate_a5e7891e-c360-4a30-88b0-2744c7da9cd9","done","","2026-04-20 12:42:55"
"edca698c-b5b2-499f-bd81-86b6e4896f61","Please sign this estimate","C:\Users\rjain\OneDrive - Technijian, Inc\Technijian Legal - Documents\FileCabinet\2023\2023-11-02_Please sign this estimate_edca698c-b5b2-499f-bd81-86b6e4896f61","done","","2026-04-20 12:42:58"
"9ea6a257-23ee-48d9-baea-447e17d69055","Please sign this estimate","C:\Users\rjain\OneDrive - Technijian, Inc\Technijian Legal - Documents\FileCabinet\2023\2023-11-02_Please sign this estimate_9ea6a257-23ee-48d9-baea-447e17d69055","done","","2026-04-20 12:43:01"
"af111318-25b8-4c52-8472-effe0c1b59b6","Please sign this estimate","C:\Users\rjain\OneDrive - Technijian, Inc\Technijian Legal - Documents\FileCabinet\2023\2023-11-02_Please sign this estimate_af111318-25b8-4c52-8472-effe0c1b59b6","done","","2026-04-20 12:43:04"
"ddbf90a4-3f27-4d1d-8d67-53d1bf8e1576","Please sign this estimate","C:\Users\rjain\OneDrive - Technijian, Inc\Technijian Legal - Documents\FileCabinet\2023\2023-11-02_Please sign this estimate_ddbf90a4-3f27-4d1d-8d67-53d1bf8e1576","done","","2026-04-20 12:43:07"
"78ae0562-d9a8-451c-87ce-b9a5b1677833","Complete with DocuSign: Confirmation Letter Surinder Kumar.docx","C:\Users\rjain\OneDrive - Technijian, Inc\Technijian Legal - Documents\FileCabinet\2023\2023-11-06_Complete with DocuSign_ Confirmation Letter Surinder Kumar.docx_78ae0562-d9a8-451c-87ce-b9a5b1677833","done","","2026-04-20 12:43:10"
"85af40a5-6960-42c5-9b03-29b4af34cbba","Please sign this estimate","C:\Users\rjain\OneDrive - Technijian, Inc\Technijian Legal - Documents\FileCabinet\2023\2023-11-08_Please sign this estimate_85af40a5-6960-42c5-9b03-29b4af34cbba","done","","2026-04-20 12:43:13"
"d6e1267e-1a76-4344-b709-c8f366f9490c","Complete with DocuSign: Yogesh Choudary.pdf","C:\Users\rjain\OneDrive - Technijian, Inc\Technijian Legal - Documents\FileCabinet\2023\2023-11-09_Complete with DocuSign_ Yogesh Choudary.pdf_d6e1267e-1a76-4344-b709-c8f366f9490c","done","","2026-04-20 12:43:15"
"02c460e8-8515-43ac-aae2-b1b555bfd768","Please sign this estimate","C:\Users\rjain\OneDrive - Technijian, Inc\Technijian Legal - Documents\FileCabinet\2023\2023-11-10_Please sign this estimate_02c460e8-8515-43ac-aae2-b1b555bfd768","done","","2026-04-20 12:43:18"
"85441524-808e-4073-8301-4b228754bad4","Please sign this estimate","C:\Users\rjain\OneDrive - Technijian, Inc\Technijian Legal - Documents\FileCabinet\2023\2023-11-10_Please sign this estimate_85441524-808e-4073-8301-4b228754bad4","done","","2026-04-20 12:43:21"
"45f75309-55ac-4412-b1e4-1130ebc3f484","Please sign this estimate","C:\Users\rjain\OneDrive - Technijian, Inc\Technijian Legal - Documents\FileCabinet\2023\2023-11-10_Please sign this estimate_45f75309-55ac-4412-b1e4-1130ebc3f484","done","","2026-04-20 12:43:24"
"afdb43be-deb8-42de-84b2-a850d871b364","Please sign this estimate","C:\Users\rjain\OneDrive - Technijian, Inc\Technijian Legal - Documents\FileCabinet\2023\2023-11-15_Please sign this estimate_afdb43be-deb8-42de-84b2-a850d871b364","done","","2026-04-20 12:43:27"
"33304ffc-9ed1-4ec7-944d-6d28081be11c","Please sign this estimate","C:\Users\rjain\OneDrive - Technijian, Inc\Technijian Legal - Documents\FileCabinet\2023\2023-11-16_Please sign this estimate_33304ffc-9ed1-4ec7-944d-6d28081be11c","done","","2026-04-20 12:43:30"
"dd538a40-94f4-478f-aeb2-32cf06b71653","Please sign this estimate","C:\Users\rjain\OneDrive - Technijian, Inc\Technijian Legal - Documents\FileCabinet\2023\2023-11-20_Please sign this estimate_dd538a40-94f4-478f-aeb2-32cf06b71653","done","","2026-04-20 12:43:33"
"554cf128-7bf0-489b-a479-5718cf188fef","Please sign this estimate","C:\Users\rjain\OneDrive - Technijian, Inc\Technijian Legal - Documents\FileCabinet\2023\2023-11-21_Please sign this estimate_554cf128-7bf0-489b-a479-5718cf188fef","done","","2026-04-20 12:43:36"
"427b3496-4a83-4391-9e4c-337a77a50b98","Complete with DocuSign: Sagar Khurana.pdf","C:\Users\rjain\OneDrive - Technijian, Inc\Technijian Legal - Documents\FileCabinet\2023\2023-11-23_Complete with DocuSign_ Sagar Khurana.pdf_427b3496-4a83-4391-9e4c-337a77a50b98","done","","2026-04-20 12:43:38"
"62d10935-b253-41c2-94e5-686467e8a22b","Please sign this estimate","C:\Users\rjain\OneDrive - Technijian, Inc\Technijian Legal - Documents\FileCabinet\2023\2023-11-28_Please sign this estimate_62d10935-b253-41c2-94e5-686467e8a22b","done","","2026-04-20 12:43:41"
"93e39f9a-26cd-4ade-bb04-720f724bb512","Please sign this estimate","C:\Users\rjain\OneDrive - Technijian, Inc\Technijian Legal - Documents\FileCabinet\2023\2023-11-29_Please sign this estimate_93e39f9a-26cd-4ade-bb04-720f724bb512","done","","2026-04-20 12:43:44"
"788fcfc2-00a3-4bf9-ba08-c5bca3eed192","Please sign this estimate","C:\Users\rjain\OneDrive - Technijian, Inc\Technijian Legal - Documents\FileCabinet\2023\2023-11-30_Please sign this estimate_788fcfc2-00a3-4bf9-ba08-c5bca3eed192","done","","2026-04-20 12:43:47"
"f83b7ec2-cb12-4d90-a186-a914f6468772","Please sign this estimate","C:\Users\rjain\OneDrive - Technijian, Inc\Technijian Legal - Documents\FileCabinet\2023\2023-11-30_Please sign this estimate_f83b7ec2-cb12-4d90-a186-a914f6468772","done","","2026-04-20 12:43:50"
"48274758-a40e-4ef2-9ddf-03ee6a2a6d05","Please sign this estimate","C:\Users\rjain\OneDrive - Technijian, Inc\Technijian Legal - Documents\FileCabinet\2023\2023-11-30_Please sign this estimate_48274758-a40e-4ef2-9ddf-03ee6a2a6d05","done","","2026-04-20 12:43:52"
"b135f4ef-5cd4-4891-ab24-ea677f50aaa9","Please sign this contract","C:\Users\rjain\OneDrive - Technijian, Inc\Technijian Legal - Documents\FileCabinet\2023\2023-11-30_Please sign this contract_b135f4ef-5cd4-4891-ab24-ea677f50aaa9","done","","2026-04-20 12:43:57"
"6c7c8a85-22f4-4afe-8c24-97a19cae5441","Please sign this estimate","C:\Users\rjain\OneDrive - Technijian, Inc\Technijian Legal - Documents\FileCabinet\2023\2023-11-30_Please sign this estimate_6c7c8a85-22f4-4afe-8c24-97a19cae5441","done","","2026-04-20 12:44:00"
"d9abe9f5-cf3b-482f-bb60-4a844be884e3","Please sign this contract","C:\Users\rjain\OneDrive - Technijian, Inc\Technijian Legal - Documents\FileCabinet\2023\2023-12-06_Please sign this contract_d9abe9f5-cf3b-482f-bb60-4a844be884e3","done","","2026-04-20 12:44:03"
"c9957edf-a8ab-4b6e-bb2f-53ca3bfe2d30","Please sign this estimate","C:\Users\rjain\OneDrive - Technijian, Inc\Technijian Legal - Documents\FileCabinet\2023\2023-12-07_Please sign this estimate_c9957edf-a8ab-4b6e-bb2f-53ca3bfe2d30","done","","2026-04-20 12:44:06"
"2e397d07-8cd2-4acb-bce7-50f642ea6544","Please sign this contract","C:\Users\rjain\OneDrive - Technijian, Inc\Technijian Legal - Documents\FileCabinet\2023\2023-12-07_Please sign this contract_2e397d07-8cd2-4acb-bce7-50f642ea6544","done","","2026-04-20 12:44:09"
"8032b9b6-75aa-48e4-bf58-d4faff75667e","Please sign this estimate","C:\Users\rjain\OneDrive - Technijian, Inc\Technijian Legal - Documents\FileCabinet\2023\2023-12-10_Please sign this estimate_8032b9b6-75aa-48e4-bf58-d4faff75667e","done","","2026-04-20 12:44:12"
"5c7b07f0-2d87-4ba3-a7b9-fba3baeda52b","Please sign this estimate","C:\Users\rjain\OneDrive - Technijian, Inc\Technijian Legal - Documents\FileCabinet\2023\2023-12-11_Please sign this estimate_5c7b07f0-2d87-4ba3-a7b9-fba3baeda52b","done","","2026-04-20 12:44:15"
"8ae038a5-606b-4292-aa82-73da07e843f0","Please sign this estimate","C:\Users\rjain\OneDrive - Technijian, Inc\Technijian Legal - Documents\FileCabinet\2023\2023-12-12_Please sign this estimate_8ae038a5-606b-4292-aa82-73da07e843f0","done","","2026-04-20 12:44:18"
"3ca29573-ec3a-4b13-8efc-36a8e0e9f8fc","Complete with DocuSign: David Kelsen Offer Letter.pdf","C:\Users\rjain\OneDrive - Technijian, Inc\Technijian Legal - Documents\FileCabinet\2023\2023-12-20_Complete with DocuSign_ David Kelsen Offer Letter.pdf_3ca29573-ec3a-4b13-8efc-36a8e0e9f8fc","done","","2026-04-20 12:44:21"
"beab9996-567f-4002-865c-88d3ca04d316","Please sign this estimate","C:\Users\rjain\OneDrive - Technijian, Inc\Technijian Legal - Documents\FileCabinet\2023\2023-12-28_Please sign this estimate_beab9996-567f-4002-865c-88d3ca04d316","done","","2026-04-20 12:44:24"
"f1a9d1bd-cfcc-470e-bed5-ccc7e73dc5b5","Please sign this estimate","C:\Users\rjain\OneDrive - Technijian, Inc\Technijian Legal - Documents\FileCabinet\2023\2023-12-29_Please sign this estimate_f1a9d1bd-cfcc-470e-bed5-ccc7e73dc5b5","done","","2026-04-20 12:44:27"
"3019fc42-7aff-440a-b9f7-8f15ee61c88b","Please sign this estimate","C:\Users\rjain\OneDrive - Technijian, Inc\Technijian Legal - Documents\FileCabinet\2023\2023-12-29_Please sign this estimate_3019fc42-7aff-440a-b9f7-8f15ee61c88b","done","","2026-04-20 12:44:30"
"50a0e089-5a20-43b1-9d9a-d83236e831e1","Please sign this contract","C:\Users\rjain\OneDrive - Technijian, Inc\Technijian Legal - Documents\FileCabinet\2023\2023-12-29_Please sign this contract_50a0e089-5a20-43b1-9d9a-d83236e831e1","done","","2026-04-20 12:44:34"
"f518b675-137a-4fd8-b07c-a742059bc3b5","Please sign this estimate","C:\Users\rjain\OneDrive - Technijian, Inc\Technijian Legal - Documents\FileCabinet\2023\2023-12-29_Please sign this estimate_f518b675-137a-4fd8-b07c-a742059bc3b5","done","","2026-04-20 12:44:37"
"be4eacae-1616-48d1-a487-7cd7482e9229","Please sign this estimate","C:\Users\rjain\OneDrive - Technijian, Inc\Technijian Legal - Documents\FileCabinet\2023\2023-12-29_Please sign this estimate_be4eacae-1616-48d1-a487-7cd7482e9229","done","","2026-04-20 12:44:40"
"c117ca3c-2b9a-462d-8120-511a948de6fa","Please sign this estimate","C:\Users\rjain\OneDrive - Technijian, Inc\Technijian Legal - Documents\FileCabinet\2023\2023-12-29_Please sign this estimate_c117ca3c-2b9a-462d-8120-511a948de6fa","done","","2026-04-20 12:44:42"
"7a5f0756-cc97-421f-85c5-a1c63cf5d50b","Please sign this estimate","C:\Users\rjain\OneDrive - Technijian, Inc\Technijian Legal - Documents\FileCabinet\2023\2023-12-29_Please sign this estimate_7a5f0756-cc97-421f-85c5-a1c63cf5d50b","done","","2026-04-20 12:44:45"
"1c6bbdb7-e200-40dc-a6ce-3ec9a8fc7bf2","Please sign this estimate","C:\Users\rjain\OneDrive - Technijian, Inc\Technijian Legal - Documents\FileCabinet\2023\2023-12-29_Please sign this estimate_1c6bbdb7-e200-40dc-a6ce-3ec9a8fc7bf2","done","","2026-04-20 12:44:48"
"fed66535-5770-4f75-b1b4-3c847338572f","Please sign this estimate","C:\Users\rjain\OneDrive - Technijian, Inc\Technijian Legal - Documents\FileCabinet\2023\2023-12-29_Please sign this estimate_fed66535-5770-4f75-b1b4-3c847338572f","done","","2026-04-20 12:44:51"
"926e7e86-f3fa-44f3-9fae-837d78609d84","Please sign this estimate","C:\Users\rjain\OneDrive - Technijian, Inc\Technijian Legal - Documents\FileCabinet\2023\2023-12-29_Please sign this estimate_926e7e86-f3fa-44f3-9fae-837d78609d84","done","","2026-04-20 12:44:54"
